{
    "loss": 15.968441009521484,
    "accuracy": 0.49787235260009766
}